-0.34933186,-0.06629861,1.0375277,0.13588642,0.7892825,-1.0129186,0.8263821,-0.57744706,-0.119308576,-0.9567526,-0.19633643,0.09896708,-0.23295292,0.4000842,1.713047,0.63114226,-0.10353076,-0.7563718,-0.6782934,0.96593565,-0.43578207,-0.9130927,-1.8504169,-0.037887327,-0.41152984,-0.35656148,-0.3292779,-1.1273165,0.17678148,0.44601846,-0.38457227,-0.66876477,0.5796757,-0.6955214,0.92126846,0.45625293,-0.3400174,0.07992964,-0.33554706,1.2895201,-1.3413786,-0.7557487,1.5693136,0.48604134,0.64033806,-2.3185663,0.37225828,0.58474076,1.119732,-0.95345134,0.46219218,-0.37267622,0.8500855,1.6133462,-0.38838908,-0.68197376,1.5286888,-0.5212369,0.70303226,-0.29499933,-0.76728374,0.8703887,0.2791754,0.2743285
0.9963636,-0.32478616,-0.50363576,0.45379084,-0.039914135,-0.44378638,0.9699893,0.14067549,-0.39791825,0.30929583,-1.1066878,0.071475245,-1.3891667,-0.04625888,0.34752283,-0.03764332,0.27373275,0.6478502,1.5449058,0.43458614,-0.050937165,0.41984075,1.3981014,0.120115906,0.53188795,1.9519331,-0.21808754,-0.47621155,0.7709504,0.36406517,-0.15473913,1.0369545,0.38541707,0.10046841,-0.091219604,-1.7119285,0.39261433,-1.0087612,0.21053387,1.2229494,-0.7001348,-0.78589994,0.4355304,-0.47565973,1.2075433,-1.0051771,-1.1431005,-0.22521181,-1.1283869,-0.09991802,0.75530064,1.2409402,-0.053959038,-1.0237993,-1.2025381,-1.1271019,-0.37022436,-1.4608396,-0.57094723,0.2632818,-0.048727043,0.81368816,-1.9848379,1.3940985
0.1422833,0.7016482,2.189027,0.17469783,-1.3413371,1.3612171,-1.0421917,0.08617555,0.06326324,-0.9061332,-1.5229079,0.3595091,-0.384341,0.050210282,0.67481244,-1.2958862,0.7262966,2.733792,1.3316135,0.24633555,-0.60173446,0.2644398,-0.4618869,-0.42739674,-0.039519046,0.81605494,-1.5394534,1.7135334,-0.90414685,-0.3507891,0.3529474,0.15575917,-1.1871877,-1.5895407,1.6104177,-1.0244339,-0.2549911,0.045916457,-1.4032097,-0.18259804,-0.43297485,-0.47470874,-0.28580981,0.48227113,0.75873005,1.3545377,0.5998382,-0.96463114,-1.4838632,0.91288483,-1.5628371,0.60443807,-0.46187505,0.23564453,1.0141184,-1.5774118,1.5029448,-0.13221377,-0.037294295,-0.29577106,1.2490733,0.6604607,0.7786311,-0.41972163
-0.7795622,-0.84895724,1.3483094,1.5200511,0.13329865,0.42644683,0.54521596,-0.41632026,-0.47463113,1.6292324,0.54039127,0.7178648,-0.6394717,0.30358696,0.9949696,-0.29734236,1.1149418,1.7015617,-1.5135688,0.5857188,-1.3269064,-0.044897296,1.5781572,-1.1438326,0.46414638,-1.6973552,-0.78140223,1.4278959,2.0370579,-0.4201782,0.37766433,-0.36289176,0.59874374,-0.66671324,0.43923768,-0.3743443,0.41705617,-1.2747818,-0.77896523,-1.2141335,0.19066678,-0.25693527,0.232689,-2.3324995,0.88695574,-0.21545322,-0.86691463,-1.229662,0.7271556,1.6941454,0.48117578,-1.0278647,-0.84648544,0.08478102,0.06847066,-1.6009654,0.4057129,1.1456441,-0.35831675,-0.20078136,0.5116073,-0.8127755,-0.69671285,-1.5384123
0.5067424,-0.6883348,0.7227604,0.45868826,0.8544229,-0.23032911,0.07327636,0.070336916,-0.8873225,0.15388136,-1.3537556,0.0626684,-0.5787203,1.9927956,0.58737385,-0.5692879,0.35484272,-0.19292375,-0.5167081,0.987194,1.3491613,0.4486157,1.2818143,1.0892433,-0.9218414,0.26521334,0.35915542,1.6614764,1.0453668,-0.621323,0.53184295,0.44650593,0.63830954,-1.1935717,-2.3703597,0.40880305,0.32992187,-0.809757,-0.8534461,1.8653553,0.28543645,-0.65497184,-0.037368402,0.8637428,-0.11782194,-0.77944326,-0.5931606,0.89762,-0.098081954,-1.2682588,-2.0328002,-0.91699326,0.71167535,0.29218322,-2.123263,0.5090218,0.40850776,0.54366285,-1.4179025,0.35077178,-1.7561631,-0.39119503,-0.077631876,-0.026424251
-0.7072623,-0.5661843,0.05771483,0.42754647,0.054101776,0.30214262,0.935072,0.0040403134,-0.9978035,-0.40328968,1.2531595,-0.74035096,-1.0437927,0.07079198,-1.8769004,0.0030213408,-1.095509,0.27446097,0.7599328,0.1509498,-0.38075528,-0.73231965,0.3608685,-1.3128748,-0.3592458,0.16021895,-0.42257658,0.491968,0.13470544,-1.8980248,0.99498236,2.2637305,1.7670662,-1.3424125,0.8506892,-0.7576484,0.43974218,1.2921811,-0.10588543,0.3052928,-1.4221498,-1.19653,0.629831,1.0778878,-0.77637815,1.2570827,0.05898126,-0.40675765,0.04288339,1.0630513,0.17899974,0.58258384,1.0550162,0.12949863,-2.127656,0.16860239,-0.6118655,1.0104903,-1.7606425,0.6055719,0.08542781,-0.9049798,-0.13142018,0.99043065
-0.35935825,0.22319739,0.87697834,-1.8935499,0.97263676,-0.99915963,0.79164356,0.1932441,-0.18757759,-0.4589546,0.94442713,0.6448953,0.6216893,-0.5940693,1.1184049,1.143701,-1.8151525,-2.0532217,-0.055074386,-0.7552273,0.041228984,0.4038845,-1.8692117,-0.06484756,-0.2893921,0.16480072,0.70172757,0.6372159,0.8344383,-0.02771329,0.05858015,-0.48299477,1.3640928,0.15859595,0.1611896,-0.20929657,-0.13370247,0.81425506,-0.3678924,0.4100651,0.6923261,-1.1291419,-0.5843331,0.83357054,-0.6629681,-0.8525985,-0.3773309,-0.09853129,2.808903,0.114804514,0.013990233,-1.1365942,1.5930991,-0.3431347,-0.91335255,-1.3975614,0.15960929,-0.8293768,-0.06596534,0.185825,-0.5360234,-1.6132216,1.0151893,0.5206364
-0.4568472,0.0490604,2.2471995,0.69011927,-0.2970661,-0.053474516,0.11219418,-1.0997753,-0.02258697,-0.8307074,-1.4622945,0.5962008,-1.4679021,0.28570288,-0.30480915,0.11149631,0.8208103,-0.20734315,0.8443278,-1.368084,1.0525345,-1.1443019,-1.0614363,1.2304717,0.7159256,-0.91742057,0.8083297,-1.4570316,-1.8093576,-0.5424631,-2.2093518,-0.17894465,0.13574103,-0.5926538,-0.818593,-0.6751997,1.2111814,0.047871828,0.19512138,-1.0049465,-0.61831474,0.5588934,0.42147195,-0.20991497,0.15257174,0.045907278,0.53814757,1.705928,0.25124735,1.383539,-0.4345141,1.3525649,0.01548066,0.32161805,0.7662652,1.0737579,-1.1731637,0.48163298,0.48742625,0.2556823,-0.8201394,-0.09155701,1.155818,1.0711062
-0.9375113,2.3871725,-0.63985914,-0.050625015,1.0501772,-1.6264901,-0.8052352,0.19950838,1.4127768,-0.28149867,-1.5089142,-0.77982086,-0.28460857,1.1440351,0.2489917,-1.4532055,-0.24328333,0.9372285,-0.26503843,0.24304847,-0.6125391,0.8780887,-2.083096,-0.32724532,0.21099398,0.6520176,-1.163656,-0.14881924,0.03679246,0.21490641,-0.8582585,0.1863178,1.3849899,0.14381354,0.54993176,-0.27942935,1.3282853,1.0333006,-0.24403565,-1.9301715,1.7884883,2.3339128,-0.8735569,1.0038414,-1.0724132,-1.963789,1.1754364,0.4339736,-0.20979346,0.14136633,-1.7149993,1.1582097,-0.1706596,0.7928131,-0.76263696,0.38157803,-1.0365088,0.5662485,-0.3637918,-0.5985256,0.11778294,-1.4547912,0.894768,-1.1832328
0.18128264,-0.7318364,2.0870535,-1.0479507,0.9072473,0.9536235,1.2851257,-0.646508,-1.2313565,-1.9417449,-1.9425203,0.049101695,-0.28909042,0.22212985,1.4490159,0.85217136,-0.80581003,-0.076552026,-0.61051387,0.66097504,0.263886,-0.37905857,-0.20865355,-1.5423754,-0.020395609,-0.6470364,0.29288858,0.6952871,-1.271081,0.37537286,0.6490606,0.20024867,0.12234561,1.9987643,-0.013470186,-0.1047602,-1.2061553,-0.44690362,1.8430998,-0.5560795,-0.376184,-0.74609214,-0.5941953,-0.51217973,0.7727496,1.9380552,0.07259699,1.4018244,0.13593191,0.42883825,1.0286555,-0.004665184,0.3675536,0.1560622,0.90927047,-0.8746064,-0.5132083,2.2868314,-0.8560586,-0.98845106,0.33290625,-0.8301115,0.013837495,-0.5700324
-0.06837589,-0.057166167,1.5284508,-0.15538639,-0.38418388,2.1554816,0.32637975,-0.41381523,0.7298427,1.2399424,-0.8269186,-1.1805269,-0.048037726,1.4713043,-0.11530624,1.2420846,-0.79375577,0.90328413,-0.080389254,-0.29406238,1.5235908,-0.33348265,-0.6654093,0.46287763,0.017996019,-1.4684782,0.43475613,0.37988037,1.5970639,-0.47938177,-0.14055842,1.1622405,-0.8641769,-1.2418202,-1.5414822,-0.13670143,1.8497752,-2.4028337,0.49757645,2.0042515,-0.72996914,-1.4412038,-0.82468677,0.28641903,0.8454567,-0.76611096,0.23089738,0.46952203,0.5853055,-0.0011840116,0.7247271,-0.64692664,0.57595116,0.69504136,-0.09212712,-0.61965805,0.97638935,-2.365226,0.56152296,1.7490802,-0.16511267,-1.6196849,-1.1100878,-0.9132018
0.28260604,0.13379902,1.6570549,0.15917695,-0.18253809,-1.3003409,-0.33278808,0.5086235,-0.1739936,0.23035462,-0.45679224,1.3027399,0.10638482,0.75526345,-0.17849474,-1.8970765,-0.49607754,-0.50916034,0.8997894,-0.26637676,-0.2455182,-0.8154478,1.353271,1.1199131,0.04280209,-0.81057143,-1.1958034,2.5782444,-0.1342374,-0.006534364,0.18414079,-0.08411843,0.652518,-0.33722275,-0.44586092,-0.6319739,1.4081584,-0.34727567,0.007251329,-0.5971493,1.8331976,-0.18436143,1.0612109,-0.7710052,0.45464268,-1.502431,-1.4873458,0.62234837,-2.7587667,-1.293545,1.2860632,-0.15472749,0.11754393,2.0383856,-1.821794,0.41309798,-1.0378218,0.18263683,0.33444542,0.052506633,-0.05509718,-1.0987247,-0.22350468,0.47126248
-0.60576653,0.30551207,1.333174,-0.55515724,-0.9543156,-1.3788401,0.49662605,-1.6511033,0.8132859,1.6774333,-0.76873755,-1.4257839,-0.5687344,-1.0469797,0.5699737,-0.32333007,-0.5313782,-0.9996025,1.6614252,2.229448,-2.032628,-0.66485304,-0.33761233,1.7255131,0.095540315,0.8152711,0.588672,-1.3459725,0.13938144,0.5728006,-0.29236963,-0.42997456,-2.465698,-1.1939155,0.8063699,0.07599659,-0.7262526,1.1352168,-1.0224558,-0.3377088,0.8684589,1.0203052,-0.19586542,1.3214865,1.0788721,0.8964785,0.8852672,-0.68334186,-0.07903501,-0.36143714,-1.1126195,1.6713315,-0.2610919,-0.073087536,0.48475632,0.44062278,0.06607135,0.59270865,0.5415766,-0.50480866,-0.2449545,0.39727566,1.2125176,1.7225125
-0.19665766,-0.11664038,1.688326,0.8462199,-0.6733492,-1.1675812,0.27356544,1.1909324,-0.2501531,-0.8754353,-0.15670782,0.101801366,0.50152177,-0.532889,0.6567603,-0.317727,-0.9093904,-1.2890142,-0.35641202,-0.20948416,-0.27640784,0.3933172,0.46929553,-0.9283823,-1.2339808,-0.35226494,0.643821,1.8602903,1.5015477,-0.4394808,-0.12926891,-0.23841874,1.0820696,0.4463882,-0.0790507,-0.4767141,0.83993334,0.51840234,0.9461404,-0.30696175,-0.13896047,1.0168753,-0.7195993,0.7793778,-1.236538,-0.75178003,1.1366967,-0.325499,1.1726012,1.2727665,-1.1592342,-0.3864214,0.56078714,-0.84091264,-1.0658987,-0.45393303,0.334782,-0.14823306,0.4203602,-1.6446375,-0.5445391,-0.9507762,-0.25802225,0.050079785
0.7403991,-1.6063125,1.5195904,-0.22315666,-1.0342449,-0.90079165,1.7679999,-1.0442619,0.564827,-0.8136322,-0.04314691,0.15979776,2.7310975,0.5215874,0.30146772,0.32014528,0.3634542,-1.1548598,1.557789,-0.015973823,0.31490564,-0.7558624,-0.58050233,0.6262149,0.5039453,0.3269204,0.4622148,-1.4905633,-0.88143706,1.2957908,-1.1453823,-0.70686483,-0.45816675,-1.3987982,0.7718321,1.7261732,1.7086554,0.094438165,1.91963,0.0756147,2.0677917,-1.088862,-2.943589,0.82088494,0.8225544,0.50021255,0.4120224,0.573332,-0.57901967,-0.81342804,-0.38623145,0.71654725,-1.388541,0.4761573,0.6848531,-0.005529775,-1.5750979,-0.1315146,0.9407168,-1.8166839,0.053555533,0.8111518,-1.4292167,-0.23681608
-0.15000923,-1.194578,1.703787,0.56997824,1.131746,-0.6393669,-1.0432564,0.29697526,-0.1729671,1.3107904,0.12196912,0.05593453,0.4296822,-0.21573061,2.1458836,-0.24640355,1.1976154,0.2151889,-0.69557744,0.3244716,2.321421,-1.8167689,-0.29803848,0.30368245,-0.60794204,-1.0712478,-0.75348943,0.30040663,-0.7715348,-2.0960164,0.15428863,-1.3876287,1.4024997,0.56284446,-0.27965957,-0.010979374,0.25085512,1.7773027,-0.3798698,-0.258398,0.3614619,1.5565898,0.86917657,-0.9903734,0.8783004,-0.7057824,-1.2441989,2.2313225,-0.8012493,-1.71017,0.91189986,0.65134364,0.3054445,-0.20486972,-1.674747,-2.061509,0.05940909,-1.3511059,0.030918417,0.8370313,0.2075579,-0.21024452,-0.2192342,-1.1671567
-0.7114571,-1.7500688,-1.128063,-0.84976876,1.3344935,1.4966313,-0.956955,0.005955414,-0.407692,1.0420758,2.0695193,-0.8362789,0.96300936,0.9011308,0.7391226,0.84621173,-1.484312,-0.9998902,0.19296129,0.61828303,0.06470085,-0.8084169,-1.0172347,-1.1403698,0.45698342,0.22520332,0.7130149,-1.3640283,0.89228326,-0.21366726,0.47814628,1.0298685,-0.41906005,-0.5528269,0.19932514,-0.14541626,2.00749,0.8544796,-0.86911035,-1.1440413,-1.2877072,2.0110993,-2.5499685,0.075379096,0.2645292,0.9589842,-1.3164341,-1.2129309,0.31715137,0.64741397,0.38919625,-0.2533542,1.1207336,-0.45091504,0.8131035,-1.1344315,-0.20711565,-0.09295088,-1.4811373,1.894693,-0.57500005,-0.5029248,0.38220003,1.8222431
0.107845664,0.0014758405,0.010737867,0.42017585,-1.4464625,0.9356027,1.1487126,-0.4979844,1.8982757,-1.2647911,1.2807361,-0.20468302,-0.3880123,-0.31437346,0.7420751,-1.2656639,-1.052006,1.6601243,-0.39328536,0.3170889,1.7159988,-2.1122692,-0.19631644,0.6891451,1.0999416,-0.8856535,0.06765784,0.1118951,0.9459988,0.15768632,-0.012835958,-1.0817058,0.032131836,-1.4680239,-1.173891,0.6295837,-1.1380129,-0.48703837,0.5343966,1.5502005,-0.16318849,-1.1507117,-0.2127488,-0.9956576,-0.045170963,0.8994896,-2.2678337,-1.0156686,0.96834296,0.37325695,-1.2674319,0.19721201,-1.4960282,0.14243706,0.59485215,-0.017924363,1.2895263,2.183403,-0.6672682,0.18897311,0.6259809,0.6173736,1.0906718,-0.33176935
-0.36044303,-1.4829577,1.4846668,0.6508678,0.45934784,-0.86885065,-1.636632,-0.0934137,-0.6546709,-1.8977034,-0.30549917,2.0506747,2.1243086,-0.25282538,-0.16424301,0.49598384,-0.07563246,0.1095793,0.9350706,-0.886195,0.048021473,-0.24951117,0.69890356,0.8715054,-1.0722246,0.33425173,-0.12117453,0.58073944,-0.83792,-1.4603063,0.71627545,0.35412338,-0.08833821,0.5061034,-0.5739408,0.5802048,0.43997166,-0.03983887,1.1097962,0.24016851,0.42049906,1.7063593,0.16378276,-0.5510721,-1.4344105,0.5724867,-1.2439388,-2.0442007,1.4166334,1.0543332,0.4327762,-1.0324749,-1.783667,-0.67301404,0.7667274,-0.41293654,0.5183462,0.68552464,0.4826043,-0.21957192,-1.100308,1.0603842,1.4141978,-1.5916115
-1.1238364,-0.25345495,1.496753,1.47655,-1.815446,-0.5904014,0.53729975,0.28291562,-1.1715376,-0.69277436,0.19455943,-0.19231384,0.21933888,0.24021696,-1.4776953,-0.17609152,-1.3737721,0.69554734,-0.10713698,-0.7009145,-2.7060182,0.8566304,1.02888,0.3838935,-0.12251837,-0.65250933,0.24617569,-0.6327776,0.43302155,0.1602857,0.46108958,0.40119785,0.7533608,0.27975675,-0.68381715,-0.874253,0.58777976,0.02398381,0.781475,-0.7553592,1.29792,-0.00042287284,1.950197,0.15942508,0.7778212,0.70802605,1.6281111,-2.4032981,-1.139057,-0.3533707,-0.036829434,0.18845539,0.29785332,0.8244409,-1.0239049,1.4301227,0.65824354,0.320185,-1.5660796,0.24797791,-0.45485196,0.83010787,-0.1760261,0.592491
-1.4537175,-0.75800496,1.5788724,2.209908,1.6318399,0.5387516,0.25871053,-0.88183427,-1.335625,2.616396,-1.072021,-0.94398916,0.8385056,0.4875064,-0.65481657,-0.335644,0.21590136,-0.3562549,-0.0176595,0.9524334,-0.7956086,1.783638,-0.7635976,-1.0670037,-0.34836787,-0.60358995,1.384992,-0.5639349,-0.47098276,0.08444675,0.5062484,1.2421458,-1.3538325,0.73273385,-0.8922222,1.4620614,0.35565108,-1.1259636,0.4754587,-1.3610615,-0.062100843,-0.45921078,-0.1526411,0.7021123,1.1760134,1.4135273,-1.153524,1.0922416,1.2165695,0.7218979,0.2261781,0.1432263,-0.6397798,0.45198104,-0.34213063,-0.26608625,1.0337846,-0.4196917,-0.653703,-0.4016983,-0.6601141,0.16496997,-1.7994756,-0.71215904
1.1513416,1.2812763,-0.45240647,-0.90165514,-0.034469675,0.76768637,-0.38252634,0.048613638,0.5105076,0.07198491,-0.88156086,0.4919832,2.1653068,0.48750898,0.017999556,-0.9628469,0.09694166,0.15038003,-1.1701083,0.46942437,-0.28747833,-0.1411236,-0.20138939,0.5481925,-0.16622938,-0.35435438,-0.50089574,0.36360335,0.88151443,0.2247958,-1.6896749,-1.0550151,-0.22239448,0.6416345,-1.0368545,0.60246056,-0.05834065,0.32746482,-0.10657883,-0.023062568,1.6860812,2.433996,-0.16581443,0.40154648,1.0053332,0.56983787,-0.29043427,-2.4610424,-1.3310827,-0.23705813,0.34679747,0.25985458,-0.38556895,-0.17947654,-1.421124,-0.52662677,1.0683475,0.3006289,0.6599997,0.3246676,-0.5719196,-1.263718,-1.6267675,0.26568374
0.46834,0.44874212,0.37938184,-0.18018489,0.39412272,0.9210657,3.6099489,0.5147076,0.7945059,1.272812,1.362372,0.16059315,0.05179594,-0.019481117,-0.46546528,-1.0818837,0.07555018,0.35385013,0.8987719,0.49135643,-1.6011796,-0.49405402,1.7620302,-0.78670305,-1.0101305,-1.0370398,0.044071555,-1.0991818,-0.7758037,-1.3639932,1.1611843,0.005229459,0.5741581,0.42018014,0.9553431,-0.15981522,0.21208301,-0.21429344,-0.45745835,-0.12834191,-0.83515984,-0.4070483,-0.72490764,0.35019198,-0.8166111,-0.671465,-0.40329552,0.96865714,0.33459342,-0.1494502,0.77125764,-0.021556074,0.82933336,0.53314984,-1.365051,-0.92230105,-1.9589376,-0.81385434,-1.8983886,-0.38375223,-0.5252612,1.4670714,-1.8825256,0.85905874
0.2982823,0.13081327,-0.58575946,0.30604726,-1.5441664,1.9283564,-2.2781966,-1.8703084,0.30338243,0.017819496,0.75301754,0.74245656,1.1463419,0.24881867,-0.19465601,0.41929492,-0.82112294,-1.1296821,-0.059036553,-0.74799067,0.62759393,1.5575784,-0.77566206,-0.3711338,0.9982317,0.71785676,-1.0742819,0.10001189,-0.050151818,-2.8793068,0.5684836,0.6347731,1.1113397,0.533004,1.0501392,0.5236146,-0.21959785,-1.9230106,1.0206698,0.8545409,1.2332305,-0.42428586,2.6711364,-0.264324,-0.32497722,-0.33123526,-1.631939,-0.9481582,0.5203673,0.8630834,-1.2343398,0.56397784,0.8059877,-0.4641944,-0.007521962,0.79054826,-0.29708803,0.28834134,0.39923078,0.3514052,-1.5569092,2.0355015,-0.299922,-0.9365074
-0.3324842,0.68704253,-0.14462842,0.1475752,0.0388698,1.6119012,-0.07307895,-0.48826072,-0.85125506,-0.8483721,0.96955127,-0.18567744,-0.6470933,-0.21828431,0.6654586,-1.2026591,0.41762766,0.6305174,-0.8587211,-0.67720246,0.3634955,0.6877243,-1.7503488,0.39317408,0.03567056,0.045724038,-1.3060291,0.044936396,0.5295969,0.17376749,-0.07273119,-0.05020838,0.73997146,-1.3659154,0.2207086,-0.4455229,0.59678686,0.44889912,0.16625972,-0.13666798,-1.1103377,-0.059612364,0.49571663,1.3688253,0.06939077,0.35155547,2.4785938,0.530471,1.1077119,-0.3601515,0.20550705,-0.07773038,-2.3161519,-0.5668746,-0.10430952,-0.3380212,-0.5752612,-0.27747917,0.82653815,0.34528768,1.7001886,-0.37293878,-1.0643718,0.11138827
-0.5430579,0.027633455,-0.2740028,-0.24548171,0.36504394,-0.17270227,-1.1231503,-0.71989655,-1.2897089,0.9481929,-0.6699052,-0.8506337,-1.1845083,-1.5936046,-0.22702701,-1.5683311,0.2948329,0.4711502,0.6652586,-0.271828,1.007449,-1.8055314,-1.0529976,-1.3792896,0.8469434,-0.6520284,0.030630581,-0.43325797,-0.04211249,-0.042413667,-0.20896621,1.7950745,0.4019915,0.68858546,2.7290046,-0.57681537,0.987918,0.48691085,0.4041225,0.74296844,-0.613325,0.4413415,1.3078359,1.2073284,-0.7762656,0.48019606,1.3698356,2.4567723,-1.9041382,-1.1704435,-0.55165356,-0.6147415,-0.76353294,1.1433368,-1.2513489,0.22564809,2.3218963,0.55582476,0.40386543,0.15337686,0.087800734,1.1803744,-0.427676,0.54360026
-0.83798313,-1.6865146,-1.57813,-1.0562979,0.792639,-0.027379364,-0.53102225,0.15279639,0.69118905,-0.54737276,1.4125922,-1.5227157,1.7959613,1.7971736,0.8860829,0.39395353,0.059566274,0.8470535,0.06810159,-1.347145,0.62188274,-2.5220594,-2.3774238,-0.6737402,0.7991125,1.6363584,-0.56955427,-1.9703165,-0.40227005,-0.437264,1.1014566,-0.5004971,-0.20378564,-0.64451486,-0.9721934,0.23932573,-0.43971068,0.4510182,1.9060763,0.3359044,0.24039514,-0.8869853,0.2329017,0.45632377,1.0525749,-0.644052,-0.51857495,-0.8422748,0.47430146,1.2529666,0.23934719,1.878433,0.3334285,0.00062717544,0.49914026,1.4484843,0.12749359,-0.32251823,0.10763598,1.096063,1.8715483,-0.10374643,-0.2703374,-0.5000281
-0.2944326,0.007970545,-0.026298977,0.101395205,-2.1764998,-1.3418853,-0.11396999,-0.16541915,-0.9891791,-0.54436564,0.9523803,-0.5250031,1.4041592,0.29764843,1.1423388,-1.2308193,-1.8419232,-0.36934143,0.079255275,1.9272426,0.62397414,0.281099,-0.07145891,-1.1376973,-0.8309535,-0.5529774,-0.21720658,0.63716704,2.6334512,0.110702716,-0.36256862,-0.62767214,-0.63137066,-0.89251745,1.1702791,0.49019164,0.6895759,1.2176409,1.4335794,1.7891966,-0.85813415,0.6377186,0.4426005,0.5864956,-0.31709963,0.04479082,0.51159763,-0.06107259,1.3491353,0.027090197,-1.4653972,-0.037628528,-0.42755333,0.6231103,0.89289796,0.24080016,-0.042581633,-1.6625057,-0.8759821,0.35596317,-0.58880264,-0.46461967,0.32445285,0.35919687
-0.3518605,-1.2464463,-0.33517674,1.3498522,2.373618,-1.7284176,1.4765738,-0.37871423,-0.2690881,0.63106036,-1.1781685,0.69016045,0.4689076,-0.2727105,1.3946781,-1.612894,0.5544474,-0.8387682,-0.035279147,0.6334041,-0.0755566,0.22899096,-0.10376249,0.84127396,-1.0314492,1.814775,0.06656053,-1.5786083,-1.870697,-0.123172365,0.8075253,-0.37842807,0.7803868,0.9791731,1.8808502,-1.6260219,0.76273924,-0.90182704,-0.13614416,-0.8875354,-0.1225179,-0.5853528,0.016144402,0.82113355,-1.49842,-0.3338639,-0.4936875,-0.8203813,0.48720816,0.72387177,-0.7658906,-0.97469115,-0.65223616,0.7453904,-1.6344522,1.1871165,0.3550986,-1.7757972,-0.5164932,1.1773012,0.8703747,0.46926004,0.76701444,1.6239048
-0.12472638,0.77200574,0.3411909,-0.007859729,-1.2901418,-0.045124438,1.406359,-0.2609016,-1.5896544,0.7264629,1.8478082,-0.8749354,0.50897473,-1.4457167,1.5353824,-0.9497743,1.5563606,1.9733912,0.46815106,-2.9926655,1.0829083,-0.45104897,0.34600306,-1.2128948,1.5184802,-0.3411685,-0.2332745,-1.0606931,0.43953133,-0.3389593,1.341663,-0.1134671,0.66213363,-0.29677135,1.4913781,0.2290662,1.4474424,0.78015476,-0.4798762,-0.6832484,0.9061742,-0.5405993,-0.6671559,-0.32803524,0.07440303,-1.9255944,0.38244048,1.3926443,1.2988273,0.73803246,-0.7634323,-0.30361933,-0.013873014,-0.015504717,-1.2543068,-1.6328275,-2.395233,-0.0043221833,-1.0627457,0.5322334,-1.4307958,0.48085478,-0.5624657,-0.17917462
-1.463395,-0.99995035,0.8680639,-1.6086411,0.2504367,-0.15435697,1.2122313,1.1220448,-0.2839432,-0.24076527,-1.4837062,1.9874908,0.7024474,1.8882883,-0.9593467,0.4246033,0.5393326,0.09002955,0.5922324,0.3510451,1.6091204,2.1545174,-0.09572592,-0.32961717,1.2670947,-0.51264215,0.25225508,-0.2866366,-0.076651156,-0.5433975,-0.06906156,1.1935081,0.46428248,-1.110478,-0.45105436,-1.8742738,-2.879106,0.35215056,0.035872046,1.1814597,-1.4317507,0.8120358,-0.30445054,-2.0298426,-0.08182804,-0.5927176,1.2891775,-0.5225334,-0.70485616,-0.6551198,-0.03470743,-0.26427773,-0.31584474,1.0399628,0.9311538,0.6210149,-0.40664762,-0.25461772,0.54960537,1.0621976,0.050085966,-0.2891038,-1.6244538,-0.18109632
1.0706536,0.70524126,-0.51175994,-1.0253822,1.3818983,-0.26022616,-0.2867278,0.5688427,0.51706684,-0.12906978,-0.07881958,-0.3810723,-1.0223045,0.7214513,-0.11893322,-1.8082561,-0.027930256,0.53979003,-0.49968174,-0.8810853,-0.17321685,-0.09726457,-0.4892941,-1.5323302,0.33915654,1.4591143,0.10636478,-2.4642,-0.99244064,-0.5976067,0.9419394,0.9935202,-0.37706685,1.1145545,-0.8924208,1.6467291,0.36165982,0.4567215,-0.68796575,-0.31945273,0.7238002,-0.65480006,-0.4395377,0.9624034,1.0153645,0.8322732,-0.6293336,-1.476119,0.5039376,1.5597348,0.62945384,1.8869958,-0.49569312,-0.9794352,-0.03868873,0.25698435,-0.37741533,-0.8124269,0.24835928,-0.7572644,1.8642575,0.1074186,0.17563853,-1.4372051
1.4019024,-0.8562857,-0.60740083,-0.35228953,0.8055524,0.69612235,-0.6300727,-1.3253605,-0.1378318,0.012346109,0.46591592,-1.2266616,-0.56855094,1.4174417,-0.47790393,-2.2501712,-1.1492392,0.049360745,0.18044728,-0.7264213,-0.610811,0.9055533,1.6705812,-1.2163996,3.6222363,0.5485552,0.93632495,1.6242851,1.7629708,-0.27370828,0.116375744,0.9770434,2.2420692,0.39635995,-1.331627,0.105827466,-1.4866282,-0.33437118,-0.34976438,-0.8071422,0.25387192,-2.1397784,-0.91274893,1.5901837,-0.46977967,0.9780705,1.8385648,-0.05698199,0.71972024,-0.8255137,-0.85893893,-1.0654982,0.044871442,-0.9859055,1.0848353,-1.1315492,1.1320494,0.5886389,-0.53894174,-1.1685295,-0.1693367,-0.22513177,-0.31708586,-0.8318175
-1.0220643,-0.05332534,-0.2890449,0.7990673,1.1369144,0.38559183,0.13611671,1.2575576,1.1142939,0.0014667956,0.26707926,0.4938031,-0.33300695,-1.025572,0.86161625,0.43239427,-0.60793865,0.13334902,1.171602,0.56673753,0.14142759,-0.3203009,-0.8016937,-1.4100702,-0.7068401,-0.19658759,0.13763773,0.50598,-0.5004147,-1.2089304,0.15674792,-1.2895287,-0.31983483,1.0124084,0.58097774,-0.26584393,0.111286655,-1.3350595,1.3537966,0.6883735,-0.5951377,0.5347589,0.15600497,0.36503705,-0.6673086,1.2083071,0.527884,0.31894898,-1.1096127,0.4877743,0.9012381,-1.1636752,-0.021173282,0.8634422,-0.87577957,0.6652731,1.9776345,-0.15520856,-0.9082566,-1.3392446,0.28459096,0.51839274,-0.47756818,-1.0170511
