-0.5085179,-0.6062937,-0.35807273,0.39194223,0.5251662,-0.40401646,-0.14538316,0.34808484,0.76039827,-0.31813028,0.21866466,0.05563181,0.27620462,0.53367454,0.43288657,-0.2541511,0.44886124,0.87224895,-0.030168725,-0.62574947,0.066954486,0.06898474,-0.5601739,-0.12121445,0.2589866,-0.26620504,-0.49166182,-0.9535962,0.8630379,0.5610716,0.4473989,0.0100186365,-0.4704662,0.40788323,0.484749,0.067493275,1.0096923,-0.368269,0.17301564,0.5015093,-0.08612533,0.12103411,-0.09523867,0.71140367,-0.58555955,-0.5512175,-0.30955294,0.39061266,0.008700549,0.14080878,-0.034201205,-0.5817495,0.55969733,-0.03649699,-0.112026006,-0.41830885,-0.7326626,1.6650218,0.2490779,-0.8984394,-0.85343987,0.54831165,0.33858478,-0.47155702,-0.31979215,-0.0006037643,0.326457,0.15427807,0.17775224,-0.20989653,-0.10811155,0.4055299,-0.12279672,0.18951543,1.1495733,-0.6706545,-0.63466364,-0.011883009,-0.03411905,-0.33762604,-0.5799451,0.07135815,-1.0871491,-0.7154062,0.6696319,-0.9181607,0.9903443,0.17749646,-1.7226826,0.4053172,-0.2455462,0.12152859,-0.16514066,-0.017944874,1.1192735,0.009487845,0.1784829,-0.13013947,0.1641624,-0.33380753,0.15494213,-0.6683029,0.5846813,0.39580432,0.24530639,-0.014591753,0.40887985,0.25948146,-0.42006245,-0.28920504,-1.118811,0.10964613,-0.37978923,-0.9184184,-0.63888294,-0.24118279,-0.2086851,0.53152317,0.24974057,-1.0155878,0.53181887,0.34236574,0.3786951,0.10061019,0.0069968184,-0.51119673,-0.43032566,0.18091284
1.3898704,0.118278146,-0.7121457,0.5634533,0.71323484,-0.8483607,-0.37401745,1.2970384,-0.1133791,0.55750144,-0.75543433,0.07087516,0.08751369,-2.497556,-0.03229642,0.9911873,0.22487271,0.49500778,0.32628328,0.30987647,0.11981789,-1.4009454,0.353234,-0.69570047,0.20306608,0.9592722,0.8320558,0.35216817,-0.561964,-0.2965612,0.11086314,0.06057724,-0.7261263,0.63148284,0.03417318,0.08427802,-0.4314299,-0.027721222,-0.35859895,-0.44876084,-0.7644093,-0.15258308,-1.8369163,0.29714295,0.6411823,-0.91724974,0.14422555,-0.84419346,1.0259612,0.32800177,-0.052076604,0.34491244,0.10579995,-0.36264494,0.2495384,-0.17080684,0.0016462895,-1.1711533,-1.1048353,-1.4146554,0.35925406,0.45526052,-0.7086287,1.0454199,0.75168264,2.0885355,-0.85753196,-0.3757838,0.24667186,-1.2993217,1.201553,0.83765393,0.087720916,-0.46106532,0.6391613,-0.5658662,-1.0701748,-0.65714705,0.0019277204,1.6901647,-0.21598138,0.51383436,-0.094838105,0.001290746,-0.68516505,-0.78350145,0.6188945,-0.48344296,1.3397872,-0.47798347,-0.17348345,-1.2773066,0.06295878,0.37489238,0.034152277,-0.09689055,0.79572684,0.31864637,0.43874064,-0.17016521,-0.32316372,0.25215152,-0.4026802,1.4209311,-1.6378347,-0.58082515,-0.72612953,0.20567976,0.97382164,0.4994814,-0.28098047,0.5567438,0.53786397,-1.6337575,-0.035433564,0.48306352,-0.23913793,0.18203445,-0.5240639,-0.11966291,-1.4301606,1.2488496,0.38963833,-0.31101552,-0.949841,0.82681453,-0.5442176,1.091323
0.061377656,-0.97831935,0.26038826,-1.4883012,0.12712419,0.31648389,1.1640155,0.06243976,-0.071529284,0.29367718,-0.5282493,-0.84869766,0.43560892,-0.32730424,-0.7726418,-0.30582806,-0.6800957,1.3292067,-0.07802442,0.34899113,-0.72217536,0.5506907,0.9171176,-0.046723537,0.9820386,-0.79587084,-1.2411053,-0.57376647,0.041035954,-0.6773385,0.3438459,0.40420306,-0.4833471,-1.3633356,-0.66778314,0.13915572,-0.28836247,0.3821876,-0.12193957,-0.7775412,0.46091935,-0.5771638,-1.196557,-0.9277009,0.33143315,0.5947273,-0.18353,0.85338604,0.6556985,0.94190407,0.6099444,-0.5463026,-0.35693267,-0.29634273,-0.70129436,-0.34516162,-0.058897365,1.2993783,-0.76787597,-0.23115689,-0.4684739,1.1259012,0.110234715,-0.029501762,0.5004853,0.5677814,0.07931578,0.21449377,-0.42679256,-1.1881553,0.16807641,0.18324244,-0.86583084,-0.7063759,-0.035606053,1.3360546,-0.4981078,-0.8071772,-0.7128352,0.53747785,-0.84890264,0.37268338,-0.040002815,-0.4759848,0.084506236,-0.4232634,0.5631856,0.21771902,-0.01643434,-0.55835444,-0.59314793,-0.13398015,0.035615627,-0.161118,-0.14085308,0.345682,1.5822662,-0.39865077,0.3447058,-0.5734697,-0.47046858,0.13228059,0.46919295,0.14161733,-0.18615772,1.0256968,2.0095437,0.089404054,1.1883012,0.4465714,-0.19729154,-1.0612184,-0.4957575,0.80783856,0.79674476,0.4451097,1.3164197,0.119817905,0.12490082,-0.18996967,0.046085004,-0.3754499,-0.74725926,0.8212121,-0.46656364,0.06930912,0.118874535,-0.5682067
0.6269183,-1.7637413,-1.062502,-0.91352004,0.27991349,0.573672,-0.06421062,-0.54360414,0.490572,0.9825395,-0.9736804,0.916608,-0.32294664,-0.35050917,-1.6242486,-0.325621,-0.69579816,-0.5779035,-0.7161039,1.307013,-0.5194408,-0.6201519,1.0956837,1.1314411,0.105148554,0.27898335,-0.32610112,-0.071800314,-0.21839821,-1.2367232,0.6097119,-2.151053,-0.19029447,-0.40444645,-0.5278611,0.15717232,-1.6263857,-0.5888675,-0.72614676,1.3163952,0.112384014,0.79774463,-0.23216672,0.3539194,1.8541275,0.6483086,-0.41857058,-0.69027376,1.0043824,-0.16131607,-0.7718603,0.93678266,1.6732084,0.19049618,-0.7509724,0.9231704,1.4135422,-0.13012433,-0.09257518,-0.007989552,-1.2358114,-0.42504957,-0.53615427,1.8093067,0.9341202,-0.62923723,1.0634716,0.7797714,-0.0755294,-1.0168017,1.1223494,1.7361493,-0.30817643,-1.3147352,2.122656,0.5726693,-2.562133,-0.13569045,-1.3911316,-0.4374089,2.3998964,0.38973975,-0.39812657,-0.30459452,0.10630563,0.88115513,1.0268958,0.5883558,0.43644258,-1.4773633,-0.90281063,-1.6383452,0.35214818,1.4217883,0.5964305,0.22488412,0.16916266,-0.15128405,0.87254536,-0.2582254,0.4050492,0.6140746,-0.2925673,-0.5971007,-1.2965693,-0.8562307,-0.34903556,-0.96367985,-0.33582696,-0.4552807,1.2686008,-0.34101626,1.9822605,-0.14868675,-2.1434162,-0.13654701,0.5074966,0.482131,-0.5905705,-0.41682503,-0.5231481,0.2157273,0.2681152,-0.10505282,0.039737575,1.24896,1.4153222,-0.898774
-1.2400446,0.6748672,-0.09233634,2.8684561,-0.74234176,0.4793667,0.56108874,-0.33873063,-1.1073035,-0.021957638,-0.4231583,-0.5142112,-0.5428163,0.46238148,-0.36240667,-0.537187,0.47664052,0.5245162,-0.18617192,0.48080873,-0.7415423,1.3549116,-1.2480861,-2.0709164,-0.822198,-1.1650008,-1.1640444,0.42759243,1.4967922,0.05835952,-0.2037485,0.77822983,-0.43104818,1.2831764,0.876086,-0.15601139,0.08609562,-0.7002266,-1.0679257,0.5371064,0.70941764,-1.503989,0.25053474,-0.77700377,0.2110736,-0.1487098,0.16844143,-0.3031373,-1.5436754,-1.2127868,-1.2315178,0.16132368,-0.46599373,1.5069685,0.2652741,-0.092176035,0.8034324,-0.07580886,0.23834497,0.053892713,-0.620498,-1.1394215,-0.045678847,1.5288664,0.09908339,0.348277,-0.40692174,0.54939395,-0.10509551,1.1457313,-0.0411815,1.7120126,0.16727401,0.39724156,0.75615406,0.21015133,0.825544,0.9921565,0.660295,0.62163484,0.7453555,-0.78619653,-0.4393754,-2.4888034,-0.790005,-0.4745896,-1.4907349,-0.029957874,0.41501218,-0.10656083,0.64056885,-1.2430514,0.94471633,0.5485305,1.0780437,-0.5598438,1.4214427,0.76161236,-0.8429442,-0.011579155,-0.64213026,0.76612157,-1.0803219,0.3229072,0.07061627,0.27984822,0.41540223,-2.515514,-0.3279579,0.6644649,0.5082047,-0.195646,0.4134951,0.7707788,0.39522925,-0.0066565685,-0.7254889,0.965752,-1.0477998,-1.0989608,0.35257047,-0.57232046,0.476514,0.5587953,-1.2610393,0.35044056,-1.8801355,0.8927483
0.02413825,0.08364239,0.7968313,-0.7871588,0.6366713,0.7456488,1.3568786,1.5191368,1.1456072,-1.0963163,1.4111221,-0.13573731,0.6018826,0.7716932,0.41009554,-0.95151967,1.2920207,0.34502098,0.7230311,0.88870454,-0.3052614,1.3953582,-0.46550775,1.4793799,0.44570985,1.6574545,0.56417173,0.39206457,0.2746409,-0.21587086,-1.0467196,-1.2023096,-0.014443753,-0.3022632,-0.18546331,-1.1623497,-0.72610676,-0.16774043,1.4849256,-0.42072693,-0.94114006,-0.31923205,0.019875275,-1.4594302,1.0414981,0.85219455,1.1690156,0.36378065,2.0808172,-0.7079915,0.57751787,1.0806315,-2.9434772,-0.8297238,1.293083,-1.4578946,0.36952972,-0.7438187,0.74839675,1.3407927,-0.33135834,0.20637262,-0.8543969,0.2817209,0.31142014,2.33889,0.310218,-0.79687667,0.5209587,-1.5405086,-0.14336842,-0.307434,-1.0901332,1.0007634,-0.40135172,0.32050672,-0.10552943,-0.08126989,-0.13623369,-0.7442689,-0.042340968,0.1397209,-0.46698698,-0.40028545,0.12101072,2.0909293,-1.2602388,1.3087145,-0.9807822,1.3522764,-0.43904316,-1.5389363,-1.4230518,1.4329804,-2.487065,-0.42467615,-0.057697337,0.103544936,-0.48502576,0.9752929,-0.403457,-0.07841265,-0.3430372,-0.27001238,1.1999947,-0.11521468,0.46053693,-0.28112456,-0.45056358,-0.8029387,-0.46528125,-1.1249149,-2.0413344,-0.25920334,-1.1340798,1.0286152,-1.5287617,0.9943087,0.89008945,-1.0008872,-0.30671546,-0.48255014,-1.4053575,0.75679344,-1.0183364,-0.6567029,0.6029196,1.2879902
0.1675791,1.3259393,0.8598479,-0.30579576,3.100573,-0.77544516,-0.08426028,0.42259818,0.30704015,-0.1353015,-0.2647618,-0.24580458,1.3113731,0.5964001,0.5548888,-0.46001562,0.004767604,-1.0477878,0.079036705,-0.103937365,0.010279466,0.38048974,-0.37443042,0.06644507,0.5660506,-1.075131,-0.29200825,-1.3171178,1.9124476,-0.814821,0.37906703,-0.24100995,-1.2758343,-0.94414973,0.34492928,1.7628938,0.49392968,1.2958856,-0.12448506,0.6654063,0.50163937,0.19721836,-1.3145912,-0.19711855,-0.49881142,-0.70128995,-1.6552869,0.2049514,0.35108623,0.4223847,0.8436137,1.1081128,-1.7212656,-0.7793397,0.3914113,1.9294246,-0.6149207,0.67432463,0.4978116,-0.53617907,1.0701435,1.5430627,0.078475,-0.23435238,-0.53587586,-0.14098011,-1.2584087,0.9143236,1.171671,0.5053598,-0.9787898,-1.7765754,-1.2841372,1.0041265,-0.43323407,0.9077503,-0.8631784,-0.39264628,-0.5196408,0.15968415,0.43384108,-0.016841855,0.2360954,-0.69705385,-1.0568024,-0.51131266,1.1984842,-0.7430038,1.7947212,-1.2540947,0.43357405,0.08404166,-0.2554203,-1.2926229,1.155036,0.91683257,0.066583976,-0.2815953,-1.0427665,0.79772943,-0.9461092,-0.22544672,0.2223297,0.21237178,-0.72510064,-1.6911117,1.0834837,0.4281621,1.2654663,0.5100868,0.63988405,1.4192857,-0.040910374,1.422344,-0.21107978,-0.79948664,0.17883101,1.0486623,-1.0216513,-1.0452954,-1.3710645,-2.7628534,1.0701894,-0.8730661,-0.37702525,-0.23882893,-0.7972694,-0.90492034
0.29541537,-0.8215108,-1.4761356,-0.54234505,1.9081548,-1.5419036,-2.2488353,-1.3297731,1.6285576,-0.45540467,-0.43469527,-0.3468393,0.1665163,-0.85412043,0.2578915,-0.2320655,-0.1162926,-0.06777763,-0.3448486,0.84842426,-0.63101643,0.19096918,1.4964747,0.54861563,-0.6239204,0.5692604,-0.68430185,0.93266886,0.20897283,0.5204826,-1.0083432,-1.384021,-0.088524066,-1.6191287,-0.58878654,-0.28376126,-0.46392637,0.30181867,-1.587773,-1.8268229,1.0853051,0.115482956,0.31783313,1.53042,-1.3461953,1.6019107,0.6746883,1.1651057,-0.7967464,1.1770265,1.3586493,-0.5315403,-0.39949867,0.4862194,-0.30293232,0.42469564,0.60697407,1.0798625,1.2631923,0.8079439,-1.6936209,-0.10842336,0.48169366,0.3601051,-1.2444571,1.0177181,0.0933227,0.6237352,0.8784297,0.47763276,-0.45545343,0.22964698,-1.3065114,-0.7314695,1.2394218,-0.4526403,0.5567635,-0.78055716,-1.350711,0.44444227,1.2511559,0.21441087,-0.35319382,-0.013453637,0.17727661,0.20113961,0.33891472,-0.37337372,-0.031999733,0.53728336,0.07541549,-1.5206372,-1.8753551,-0.06256997,-2.100517,-0.89715093,-0.53936553,-1.8995546,-0.15249367,0.6471868,1.2890035,0.35211533,1.9999626,-0.7346802,-0.16130513,-0.66690123,0.9624815,0.27335614,-0.80024713,1.1537713,-0.94050807,0.011775132,0.94795203,-0.54897374,-0.0006282768,-0.73391,0.33956578,-0.9004826,-0.1739155,1.11169,-0.009373151,0.75066423,0.97525847,0.79050213,1.795574,0.32468975,-0.033125013,0.15632083
0.2594661,1.3841032,1.0733432,-1.4270525,0.5981113,-1.1824142,0.1059139,0.36975503,-0.3501521,0.7684918,0.67127126,-0.057599813,-0.16469266,-0.5193843,-1.2813925,1.0722021,-0.279387,0.5079064,-0.20754251,2.431455,0.08872958,-0.3279637,-0.6948159,1.1717453,-0.38897523,-0.512761,-0.7837084,0.36167517,0.059010595,-1.5914178,-0.33327892,-0.48212296,-1.5989604,0.051187254,0.7720781,-0.509322,-0.5181332,0.40562713,-0.39812353,0.48363268,-1.7323585,0.73205423,0.4165316,-0.99616706,0.6075189,0.77919626,-0.42127466,0.8777537,1.3629001,-0.10057622,-0.897949,-0.16601756,-0.39695388,-0.68413466,0.37965092,0.19719851,-0.06487676,1.2846472,0.45860615,0.49356636,-1.6537187,1.4536754,0.27524778,-1.181134,-0.936599,-0.04117754,-0.65809333,0.92596465,0.29494172,-0.6173624,0.082736574,-0.23442878,-0.04607926,0.23054282,0.19966388,1.6404597,-0.49348125,0.49703327,-0.40687218,-0.27585462,0.38667673,0.1393516,-0.3205672,1.0276432,-0.5256545,1.0546572,1.4779439,-1.3011246,-0.7119957,0.38760164,0.7730152,0.791444,-0.8383666,0.7197763,-0.43499827,0.7271887,-0.060635377,-0.8268686,-0.16793509,-0.69199324,-0.74542594,-0.7227695,0.82439893,0.7439793,-0.16135707,-0.46381515,0.7093407,0.87153757,-1.0328127,0.52061063,-0.49413526,-0.68236464,-0.2103671,1.5014024,0.07836715,-0.53903073,0.012330446,-1.6743208,0.6785061,0.22841294,-0.0872478,0.9111857,0.07952655,0.07910462,0.8590342,-0.43217584,-0.7874641,-0.74648196
0.8255056,-2.1158056,-0.08930468,0.19541378,0.40219122,0.35652316,-0.37372705,0.4902397,1.0498357,1.73348,-0.26680696,-0.19036137,1.8934371,0.7273863,-1.2885228,0.49851722,0.5742051,0.91059566,0.09036282,1.4249926,-0.22526564,0.22764221,1.2237511,-0.277206,-0.17782782,0.15151657,-1.1315266,-1.3077501,0.30375704,0.63665324,-1.715839,-0.35225442,1.2703265,0.39926353,0.9654089,0.21967763,0.21856718,0.5248417,-0.1933513,1.3631427,0.20888014,1.6171508,-1.2702835,-1.8272374,0.82607466,0.37450993,0.35644495,-0.028416315,-0.33059764,0.1917235,-0.7482908,0.31338587,-0.79226476,-0.46508873,0.33407235,-0.8833002,0.7829447,-0.6530307,-0.44907087,-0.84682846,-1.2342509,0.4684481,-0.32518488,0.04163926,0.42964265,-1.151403,0.5216015,0.36695623,0.33395058,0.3255488,0.2511737,-1.0440391,0.19120744,0.40095142,1.2276777,-0.7137494,-0.8209995,-2.2414818,-0.29634646,-0.422724,-1.6014032,-0.39667317,0.046586215,-0.049856234,1.7352008,0.5710621,0.066855624,-0.25490558,0.60586447,-0.120317854,-1.7089089,-1.2771966,0.6039048,-0.24162456,-1.2365752,-1.8647877,0.12081805,-1.4918313,-0.10636179,0.6659844,-0.65016294,0.10237871,-0.96107686,-0.74294615,0.39178085,-0.03917177,-0.93791425,0.19800195,1.3858951,0.39030543,-1.2468114,0.53416485,-1.69918,0.020605963,0.23428665,1.6631184,-0.88938856,-1.0387756,0.5793958,0.34516943,-0.25921524,0.06524831,1.6274985,0.99819183,0.2682246,0.5500753,-1.0672159,1.7241735
0.609714,0.14266007,0.40031457,2.7994301,1.3679816,0.033626545,-0.411166,1.2179214,0.72461593,-0.33527896,0.626901,-0.37540415,0.23293214,-0.6451052,-2.6553319,0.047692,-0.82565564,-0.16368943,0.3301605,-0.6420135,-0.273185,-1.8532964,-0.62743783,-0.7850768,0.8230704,0.74547595,-0.11794046,-0.33903491,-0.47587827,0.7414687,-0.059989404,0.29864326,-0.74488974,-0.09494756,0.37304965,-1.2046577,-0.12199722,1.1351676,-0.09981048,0.13389707,-1.2386868,0.9092588,-0.07411818,-0.8862589,0.87373304,0.45474535,-1.3303404,0.5163104,0.8895451,-2.2697427,0.871979,0.7395044,-0.6177648,-0.80259335,-0.84535944,-0.8779644,1.506643,0.4366418,-0.9012026,-0.92662716,-1.4315468,-1.4759767,0.5794026,-0.47663864,-1.2048917,0.59355444,0.8675692,0.31859443,0.126443,0.376091,1.055822,-1.3533608,1.4930794,-0.9418978,-0.019508028,-0.13787793,-0.096483625,-1.0230559,-0.72958815,2.182363,0.65100855,1.6108875,-0.02598272,0.69883966,-0.25875148,-0.5445262,-0.92783666,0.40398034,-0.16980857,0.9941913,0.11441228,-1.7524495,-1.4515965,-0.11045534,0.3490524,1.8157239,1.5491883,-0.37108845,0.27077362,0.7277055,-0.19575267,-0.22037978,0.9006278,-1.0323212,-1.2786762,0.026626676,1.4385974,1.8944056,1.4648422,-1.3144538,1.8515372,-1.5812867,0.027250461,-0.518859,-0.9923125,0.4028636,-0.08714348,0.35016853,-1.7245703,0.20098686,-0.53605354,0.20459436,-0.6950306,-0.86949766,0.28824493,-0.46149468,-0.074813455,1.3828632
0.30693048,-1.672354,1.0009221,0.18625753,-0.81645,-1.0217273,0.86770386,-0.5456729,-0.79072154,-0.90050477,0.32086083,-1.5048374,-0.4611974,0.8110671,0.18535551,1.4841828,-1.2863084,-0.07352555,1.6070074,0.6042568,-0.69291914,-1.1732801,0.21855982,-0.32848892,0.13090499,1.1272072,-0.123899505,0.8710038,1.8197082,-0.5888186,0.05408859,-0.563173,0.38755366,-0.49989074,-0.027467757,-0.21981463,1.186085,-1.6030288,-1.018011,0.35319728,-1.2884905,-0.39612767,0.8390177,-0.28614885,0.91186374,1.8897913,-1.3493518,0.07623531,-1.8704863,0.030680662,-1.4226699,-0.13703083,-0.58558404,0.21069716,0.53924686,-0.94815946,1.4421525,-0.55595237,0.325542,-1.1099923,1.7296842,-2.1540534,-0.46590874,-0.80163,-1.3932709,0.67924404,-1.6473066,-1.0207587,-0.3197025,-0.3547761,2.5435066,-0.026048414,-1.2840134,-0.925368,-1.7245305,0.27400187,-0.96568197,0.72868216,0.26771072,1.3241401,0.87038517,1.7316629,-0.35017297,-1.0951828,-0.027220925,-0.3929087,0.8736513,-1.0072778,-0.398884,-0.0043295966,-1.2942773,0.27274686,0.32527596,0.48777074,-0.07898343,0.020885753,0.25178474,-0.5847374,0.16166264,-1.5147022,1.3470162,2.1579792,0.18399759,0.686702,-0.021662038,0.74134374,0.20277378,0.73015237,0.24663928,0.22175623,0.3259208,1.0042862,0.12674531,0.4314258,-0.28318262,-0.01239046,0.43206346,1.3152299,0.279659,-0.1585087,0.56266314,-0.7261571,0.85463274,2.248121,0.5310968,-0.8827936,-0.44452274,-1.1388954
1.5620677,0.8860995,-0.79412526,-2.045518,-0.68532383,-0.595231,0.227004,1.5830857,-0.5327396,-1.551676,1.0948449,-0.7232217,-0.3175372,0.027448362,-0.8518113,1.1961008,2.3908165,-1.759277,-1.4995396,0.6133134,-0.9655299,0.04640736,0.24726811,-0.004937455,0.68503845,0.08237091,-0.1687415,-0.1094609,-1.937544,0.5381128,-0.7443529,-0.94595104,0.55148447,0.1435462,1.0215479,-0.25107124,-0.27969453,-1.102171,-0.20595334,-1.1178294,0.15783699,0.78622735,-0.34420398,-1.0158764,0.72164613,-0.029664118,0.2297057,-0.27756736,1.3138344,-0.76806617,1.6940501,-0.56126106,-0.2681149,0.9769602,-0.5462852,-0.31682116,1.1900758,-0.9541769,-0.17563304,-0.5462492,-0.060958076,-0.08147756,1.1540631,-0.22287466,-1.9808376,-0.41448447,-1.4131429,1.6519663,-1.7884309,-0.054811038,-1.4584823,-0.3455555,-0.31160176,1.0717244,-0.69130206,1.9172889,-1.5842791,1.8063893,0.36066842,-0.044488966,0.122796,-0.22969371,0.65296525,2.2977216,1.3279703,1.4737155,1.1420122,-0.4112508,-0.87043244,-0.8185751,-1.9107316,-1.2307801,0.25259575,-0.09662698,0.724726,1.8697635,-0.412299,0.004265458,-1.636145,0.6312709,-0.23146334,-1.8245817,2.0485847,-0.3735427,2.4470956,-0.931583,-0.5935059,0.4392319,-1.3065634,0.7918673,0.7377552,1.334518,2.2008662,-0.04131929,0.095612556,0.6502476,-0.93594474,-0.9247363,-0.6837289,0.7570594,-0.06910774,1.7541555,-0.4820181,0.08092617,-0.6313752,-0.77291536,1.0648556,0.3515162
-0.3048725,1.234521,-0.0064460468,-0.10702811,-0.25808626,-1.9459906,0.44399464,-0.016167842,0.71611214,0.29189458,0.29685965,0.26079535,-0.3944187,0.21154734,0.7087956,0.06469639,0.27485597,-0.20040672,0.24746339,-0.5258457,1.4101294,-1.6998624,0.3610603,-0.4597281,0.18270679,-0.1117193,1.4265705,1.456696,-0.47970754,1.2623647,0.056536082,-0.4616626,-0.4341297,-0.16294202,-0.54749006,0.49831304,-0.8756193,-0.36327952,0.2551883,-0.4613376,-1.1836903,0.31517455,-1.1416088,-2.213376,0.9826658,-0.90362036,1.4094136,0.72599477,1.5018631,0.18350823,-1.5438311,1.3351676,0.77396417,1.0956792,0.60313684,-0.007269435,-2.073674,0.81082493,0.26199415,0.45749864,-0.454039,0.61976147,1.9139503,-0.9313865,0.09661518,-0.8688338,-0.62453693,0.055183094,-0.60357773,-0.93518543,-0.20957576,0.13398786,-1.0280056,0.9345784,-0.27681977,0.30953228,0.85836434,0.847959,-1.1443869,-0.24870205,0.42943057,0.1469942,0.20370863,0.95527947,0.07300109,0.15910989,0.35633677,-1.4041636,0.9610428,-0.46637866,0.21334164,0.9739689,0.10880025,0.31902853,0.8690258,-0.0085662585,0.68034804,0.26377696,0.12803419,1.0635637,-0.51815504,-0.82407683,-1.2814425,-0.44624823,-0.048639666,-0.16167434,-0.38012725,0.15895638,0.04233448,-0.44350228,-0.0023361286,0.8547604,1.0858378,0.42326173,1.0949839,-2.1077993,1.0951424,0.3823227,-0.88333404,-0.45004463,-2.2377007,-1.1306212,-1.0810941,0.41157344,-0.22350165,-0.37835583,0.48551676,0.50109416
-0.23886211,0.09823852,0.80143905,-0.44352505,-0.18536633,-0.7070502,0.0016593784,0.13094571,-0.062064093,1.1791652,0.2872609,1.7735342,0.21706372,-0.50255597,1.7554245,0.37844092,-0.23753569,0.81678504,-1.445519,0.15220459,0.2938843,1.1895192,-0.4146674,0.41339126,-0.6803753,-0.71137965,-0.7880328,0.7193006,-0.44731134,0.6967261,0.085197896,0.38015196,0.6673019,-1.4166974,-2.6246464,-0.80043024,-2.022915,0.016097158,0.075725555,0.07541775,-1.1412308,0.58446616,1.0172298,0.58304906,1.0392787,0.6766456,1.3670872,-0.40488645,-0.1367664,0.21519792,-0.3650422,-0.010241365,0.4636673,0.14043157,-0.3082175,0.87340546,-0.31126922,-0.92894596,0.9347907,0.19028537,-1.9441807,-0.79575014,-1.053732,-1.288957,-0.4672798,1.1937928,0.11717219,0.6636466,-0.48666626,-0.47408444,0.27653304,-0.07031302,-0.6929616,-0.71427345,0.16570252,0.029439863,0.14596727,2.2021496,-0.23154326,2.0027788,0.14310074,-0.24640128,1.3918114,0.23063926,-0.98519105,2.1304088,-0.49450973,1.5120406,0.014186469,0.46570307,-0.07850399,0.0999932,-0.29980776,1.3485188,0.46634886,-0.6693816,-0.9397013,-1.6354982,1.3601742,-1.8209932,0.2139974,2.127624,0.4954141,-0.088725224,-0.43581504,-0.9743168,0.5746046,0.22485091,-0.5992722,0.43747354,0.5556723,-0.5843422,-0.6095521,0.47373095,-1.1574451,0.8084936,-1.437996,0.3976856,0.07064434,-1.1970283,-2.4018896,0.09552323,1.250161,0.013270192,-0.7078605,1.0220951,-0.91861624,0.68626064
-0.34375587,0.73328245,0.5284055,2.3772948,0.12966266,-0.99828106,0.85987294,0.0065938486,-1.4233466,0.45718473,0.015379551,-2.160804,0.05605896,-0.7564074,0.16338651,-1.0278306,0.10848888,-0.64937013,-0.163823,0.9518905,1.1599373,0.91563505,0.4589881,-1.2427435,-0.50130886,0.561836,-0.81466657,1.1575117,-1.4791313,-1.0563254,-0.41833067,1.1783063,1.2710311,-1.6103076,-2.0546064,-0.022422485,0.20145254,0.44407552,0.29562107,1.1133553,-1.9544597,1.4665009,-0.16529028,0.45484838,-1.3497441,0.44651836,-2.00779,-0.22337773,-0.5571028,-0.49172455,0.8403841,-1.7439395,-0.044513058,0.13193494,-0.4507113,0.1080549,-0.21324654,0.15849523,0.35274246,-0.69530565,0.4040746,-0.46088278,0.53044516,-0.75340587,-1.854819,-0.38172448,1.1317077,1.3019311,0.7685515,-0.3714005,0.5472602,0.32081607,0.1551813,1.3263409,-0.34481132,-0.42835954,-1.470069,-0.1326249,1.396476,0.0058062356,-1.5619221,0.36507213,1.4358526,-0.8168861,-1.919012,1.0298153,0.73260397,-0.03743822,-0.5399737,0.46684664,-0.4437052,0.9522932,0.3334461,-0.8503363,0.5534794,-0.22509049,-0.5687386,-0.064121746,-0.6080959,0.35007778,-0.4172828,-0.16901013,-0.4075882,0.25170383,0.6943045,0.60672915,2.0697803,0.56594324,1.6669912,0.17588703,0.13751595,0.19980595,-0.13046259,1.5207071,-0.6147262,2.7575536,-2.5282617,0.006012905,-0.9749385,0.062760726,-0.2289474,-0.86456835,0.19320545,0.7504695,0.2655139,0.7328561,-0.49485087,-0.09417738
0.77397877,0.28926027,1.7011383,0.89519733,-0.3379321,0.3442855,1.1222186,1.843179,0.18337546,1.368505,-0.6091885,-0.29508263,0.5048413,-0.24135263,0.8418801,0.39091542,-0.42405304,0.030361231,0.08871312,-0.12749586,-0.6817075,-0.13913484,1.8548234,-1.0055856,-1.0045875,-1.7003376,0.8011574,-0.25759345,0.094879664,-0.3147531,1.2519083,1.7628437,-0.82601416,0.21652557,0.06224699,-0.18908854,0.91482115,-0.7328278,-0.29413733,0.5538333,-0.21261667,0.028573615,-0.62700146,-2.5718243,-0.7216403,-1.776323,0.4277028,-0.7662827,-1.5285528,-0.47634107,1.2286795,-0.87081456,0.5264346,0.1979168,0.16534592,-0.77343035,0.2746166,-0.07217324,0.5383539,0.014490357,-0.0066756373,2.686317,-0.7699212,-0.6060432,0.019964054,-0.8759616,0.8314857,0.47699508,-0.6866855,1.6353707,0.12110467,0.53370893,-0.9595726,-0.54352826,0.26199648,0.1883629,2.1584885,0.18996404,-0.09593983,-1.7122422,0.21768148,1.3819473,1.5126951,-0.97968405,-0.28613037,-1.3416265,0.7710421,-0.5657489,1.2882025,-1.6088204,-1.3277711,-1.234217,-0.046692196,-0.6384849,1.3987025,0.6237196,0.46065232,1.7123418,-1.0423666,1.7637073,0.110688455,-0.90110326,-0.44209173,-1.1206062,-0.55675846,0.07409367,0.58275515,-0.9469578,-1.2172345,-0.16588424,0.60499483,-0.04885202,-0.20011476,0.96246606,-0.5889983,0.2922881,-1.8046635,-0.21083525,-1.7514018,-0.66327626,-0.07354802,-0.31393138,0.10629863,-0.3101679,1.2358353,-0.6462574,-0.82801557,-0.05781232
-0.27305096,0.66562253,0.0028775106,-0.5263908,1.744968,-0.3751034,-0.40346798,-0.049274955,-0.44730738,1.9824288,1.4335575,0.6804325,1.2329795,0.84168684,0.97328633,1.0657303,-0.393764,0.88999116,0.0065090405,-0.5426593,0.9627161,0.34438637,-2.2578747,0.45404625,1.1024045,0.39094967,0.072693706,-1.7825303,1.6148633,0.28730223,0.5512754,1.5083146,-1.0497515,1.3832197,-1.8193946,-1.375373,0.077800564,-3.3782158,-0.89456666,0.2866095,0.9932868,-0.87394345,2.3691766,-1.5917245,0.7782047,0.73899007,-0.024858253,0.071996346,-1.3332776,-1.2635944,0.08759388,-1.4349473,-1.748311,-0.115693465,-1.0207342,-0.10111253,1.1745803,0.6130919,2.0676744,-2.6388416,0.13095637,-0.25216883,0.6955184,-1.05061,-0.511858,1.284647,0.9810291,1.2321384,-0.4418372,-0.8312607,-0.27644104,-0.46092907,-0.38718772,0.71896124,-0.6874586,-0.0012341056,-1.1601217,2.002717,-0.19073075,-0.2572706,-0.21925752,-1.4288979,0.23199624,0.07595501,0.43096355,-0.15762708,1.144029,-0.22190325,1.738237,-0.51898694,0.40401414,0.23581706,1.5450433,-0.55467415,1.2963244,-0.33957824,0.56765395,-2.0757618,0.54380995,-1.5248014,-1.2962941,0.720988,0.19444698,1.0571471,-1.166826,-0.8701895,0.5507334,1.4153012,-0.13032939,-0.7149007,-0.09143525,-0.93569154,0.92941093,-0.96365553,-0.51961374,-0.34918952,0.5955456,-1.0727489,0.26752576,-0.35617858,-2.00259,1.413524,0.15271188,-0.08588411,-0.690822,-0.03768156,0.20586471,0.6670952
-1.0641705,-0.2507366,-0.2173941,-0.19705394,-0.78653944,0.48238045,-1.0265869,-0.11465347,-0.7272825,-0.70325005,0.0035326642,0.037284233,0.029670322,-0.83574474,-1.5170289,-0.11695708,-0.0077864253,1.2695656,-0.8802507,-0.6555326,-0.70186263,1.1824422,-1.1244717,0.14725088,1.7886925,1.2325324,0.8810493,-0.40263608,0.40070784,-1.462097,1.5533352,-2.0001647,1.7966707,1.0064397,-0.04126839,-0.32473528,0.1551517,1.1853635,0.29131123,-0.007158299,0.56165797,-0.26531166,0.2902552,0.4704044,0.51633465,-0.12673163,1.3217331,0.036141813,0.08847244,-0.77034265,-0.11770177,1.0479289,0.3430841,0.31291008,-1.0935619,1.6443033,-0.43177587,1.3577855,-1.2735933,1.3112088,-1.563869,-0.27986413,-0.39576754,-1.5183613,0.5298332,0.4719796,-1.0399469,-0.13056135,-1.2777644,-0.37473294,-0.84904623,1.6606133,1.6567577,-0.5006242,-1.5096236,-0.43595362,-0.11743093,0.16810717,-0.88444465,2.2588491,0.44381148,1.3059666,0.44142362,-0.24155451,0.14805698,-0.04247942,-0.67481995,-0.65739065,0.25875163,0.8116398,0.19025424,0.56309366,-0.95742476,-0.118095584,1.0565519,-1.7028341,-1.4385564,0.114559755,-1.0725284,1.8915683,0.23020045,-0.08038737,-0.19583392,2.648011,-0.43040004,0.8232852,0.23676953,-0.6287438,-0.57303995,-0.40066153,2.162423,-0.27750874,0.3898777,1.1144087,0.08477442,0.13903071,-1.2039496,-0.6863606,0.7916464,1.1544042,-0.5555043,-0.13076456,0.31916952,-2.5418599,-1.3372936,2.074946,-1.8136752,-1.1596014
0.7123166,0.46545026,-0.5438412,0.55581945,0.12851557,-0.061817102,0.871203,-0.678307,0.19418648,1.1269642,0.58293897,0.64067256,-0.3545222,-0.028994715,-0.44558537,0.875746,0.82763165,0.9769698,-1.3240587,0.13046214,1.0626441,0.39217004,0.3821427,1.265663,1.3805138,0.39673373,-0.26462486,-0.75138783,-0.51820475,-0.25927693,-1.0850312,-0.7926609,0.6759808,0.30644205,0.8956748,-0.60654473,0.070743635,2.0153935,-0.614092,0.16704224,-0.18245646,0.29106686,2.148974,0.06799465,0.6298961,0.3486788,-0.08047133,1.2580585,-0.14398433,0.1961875,-0.95242006,-0.6654556,0.06852515,0.8199579,-2.1020713,0.2904767,-1.6409515,-0.094127424,0.48169312,1.5781239,0.08949967,0.6463684,-0.38219136,0.081392914,-0.51849246,-0.8361415,0.6126415,0.022247938,-1.4897792,0.22245643,-1.9093758,-0.036794953,-0.10648382,-1.1836078,0.47501245,-1.8680512,-1.9935797,1.4663169,1.2162187,0.8578286,1.5979165,-1.0739881,1.6483691,-0.6744506,-0.13081847,-0.12384578,-0.31379932,-0.6243835,1.7661285,-0.507329,-0.43030363,-0.42031994,-0.33435443,-2.4104893,0.1556887,1.7914362,-0.56482065,-0.31344914,-0.8585827,-1.0947459,0.8971074,-1.2883819,0.43782184,-0.2575182,-0.0967434,0.39625925,-0.5282823,0.15971473,0.47774217,0.040391915,-0.937728,-0.6374398,1.0432231,0.45451877,-0.5819333,-0.9450718,-1.5655694,0.86647284,1.3091269,0.68380183,-0.444951,-1.4511262,1.3426701,-1.0257329,-0.16337712,-0.40841886,1.177797,-0.1746203
0.29239744,-0.27376217,-0.04214666,-0.22022277,-1.3156557,1.9711013,0.1295305,1.7224022,0.90426236,-0.09230052,-0.27331078,-0.18742181,0.36642706,0.402131,0.02771795,-0.2821264,-0.4133111,0.22985631,-0.28319705,-0.043341134,0.10246268,-0.006547817,0.22126248,0.22846907,0.5961279,-0.098651916,1.4840435,0.6372237,-0.042076528,-0.5048198,-1.8821921,-0.24139145,-0.7197569,-0.05878218,-0.7515608,1.1320653,2.3741472,2.6498878,-1.9792078,1.3958571,-0.947561,0.3235382,-1.0711112,0.24719587,0.08543442,0.5540524,1.7363484,-0.0007211742,0.32112548,0.48575312,-0.09738903,0.6051024,-1.5717044,-0.16448155,-0.43944377,0.3935225,0.4522832,0.44834048,-0.45793957,1.831576,0.23060404,-0.12896302,-0.91552293,0.56579375,-0.38220948,-0.88508856,-1.4978046,1.5410141,-0.79310673,-0.3252588,-0.36854985,0.17385413,0.25459865,-0.22898206,1.3691906,-2.0750287,-0.0037845513,-0.3374671,-1.6221039,1.4333905,0.72157335,2.29631,-0.05479556,-0.5117287,0.31512454,-0.96377707,-0.84166485,0.6544937,0.4171135,-3.5679634,0.02277704,0.9015918,-0.87410945,-0.7601956,0.14138909,-1.4505382,0.30076846,0.38727674,0.14023706,0.65697664,-0.1420759,-0.28260845,0.2710061,1.5089953,0.65568435,1.5157217,0.717911,0.45078358,-0.5024368,1.0101161,0.6591346,1.2869444,-0.13145378,0.69172627,0.66365075,-1.2261529,-2.6291134,-1.8258947,-1.3069721,0.19940147,-0.8470393,0.36997598,0.0067485836,-2.422904,-0.3572952,-2.0519412,0.8630698,-0.56509894
0.813687,1.7171936,-0.73955685,-0.15251212,-2.6290143,-0.3457163,0.24958941,0.90832037,0.23612747,-1.3384955,-0.14248312,-2.146436,-1.545863,-0.16296016,1.106414,0.6568933,-0.6711012,0.4604157,0.2160733,0.65777534,-0.47156167,0.2941067,0.95880425,-0.18332514,0.64239764,1.3127862,1.0877506,0.49585915,-1.124708,-0.026998905,-1.4249152,-1.6611803,-1.1468165,-0.17091663,-0.5523299,-0.12566417,0.34531307,0.32002234,-0.2445396,1.0817131,1.0588642,0.18040073,-0.92132336,-1.4058903,-0.9345728,-0.712708,-0.26898625,0.49799353,1.4096698,-1.0723032,1.1816092,-1.2451369,0.93979025,0.18174735,-0.044283498,0.24592611,-1.1566892,1.7094365,-1.9309357,2.3844838,0.8711887,-0.05006653,0.13477795,0.66804546,-1.8030995,0.832249,0.6624959,-0.8477762,-0.5937312,-0.3489226,-1.3585646,0.9601801,-1.0159912,-2.1221633,0.15444921,0.71752214,0.15027979,-0.7092867,0.5167092,-0.665551,0.65246606,-0.32289666,1.879507,-0.12658122,2.738577,-0.5015148,0.0030690813,0.62842757,-1.3277316,-0.113958664,-1.2086108,0.9701292,1.1947206,2.166487,0.425827,-0.1943851,0.09606193,1.040914,-0.9308569,1.1440644,-1.4666421,-1.3546047,-0.010227689,-0.12431247,1.4574324,0.5681187,0.64671886,-0.8609723,0.7090308,0.81445783,1.1834544,-0.88861877,1.0253856,0.21745983,-0.21149188,-0.13918,0.03487033,0.9937439,0.21804312,1.1915699,-0.21917267,-1.7930056,0.13195984,0.293518,-0.68928975,-1.961464,-0.31048962,-1.3574507
-1.3504572,-0.6590634,0.8151733,-0.93125004,-1.2049857,1.2576361,-1.76467,0.35601062,0.62051624,-1.899364,-0.08374477,0.9499445,-0.98118186,0.6065865,-0.52921474,0.75726026,-1.0550394,1.1557394,-0.6158062,1.1286709,0.044985946,-1.0215236,-0.7164915,-1.37585,0.19756718,0.56258786,0.7226761,1.3243238,-0.56302875,0.57476985,1.268223,0.11779424,-1.2314848,0.6997788,-1.1011813,0.9529992,1.0804844,-0.35842904,0.38781387,1.2703369,-0.35854176,0.60845554,0.23830669,1.6696767,0.62028563,0.21097557,0.07104831,0.8537156,-0.31541047,0.06990972,0.4144282,0.688897,-0.6037936,-0.5730073,-0.7411581,-0.73444116,0.8545318,-0.09580524,-1.4186122,0.36982512,1.394593,0.34394547,0.17421666,0.0035471916,0.96844625,0.13216028,-1.050756,-0.2501401,0.55158573,0.167667,-1.5633211,-0.74348533,-1.0838935,0.25454128,-1.4281347,-0.8194062,-0.5030504,0.98378235,-0.34643155,0.5512732,-0.8193025,-0.37186563,-0.4079236,-1.1717317,0.15081252,0.68275976,-0.993714,-0.43204716,0.28947052,-0.33115384,-0.2850321,-0.3284251,-0.29173154,0.17947301,1.4257262,0.5358895,-0.83405185,0.14220555,-0.94382113,0.22041115,0.0035012397,-0.71696466,1.0628577,-1.4552227,-0.93406665,-1.2764251,-0.2799887,1.2844735,-0.44122046,0.6821279,1.3116508,1.8383168,-0.95941836,1.1140739,-0.5995874,0.8203833,-0.42687196,0.39203066,1.6080248,-0.061202083,-0.12896636,0.12534465,0.848332,0.20629275,0.08272412,1.3049914,0.06770562,0.06951479
-0.88420516,-0.28764904,0.56590706,0.30855837,0.16679591,-1.6207854,-1.2627805,-0.35991898,1.3383683,-0.10891752,-0.63588935,1.2688855,0.9960908,-0.99294543,-0.052034635,1.2774968,0.8559689,-0.18288063,0.5231297,0.280846,-0.79203737,-0.16123067,0.84843296,1.1805109,-0.47114113,-0.11772601,1.3900712,-0.7483901,1.8786167,0.9511628,0.5148735,0.21248953,0.008178802,0.6069356,1.0547817,-0.70833886,0.76096076,0.24606477,-0.26070368,-0.27245906,-0.10024384,0.80824405,-0.45707044,0.99595755,-0.15567467,-0.72735333,0.3755551,0.098341756,0.2907294,-0.24455698,0.4566724,1.1215155,-0.3909725,-0.7307534,1.2350163,-1.0412278,-0.4284881,0.473911,-0.30352864,1.5014447,-0.8171957,-0.08854936,1.4244139,0.6683359,-0.69273126,0.06283039,-0.5916551,0.6139763,-1.1507761,-0.15645008,0.35817716,0.042599443,-0.03892455,-0.031438984,-0.71367747,0.4131231,0.12590045,-0.9483026,-0.3302971,0.35416055,-0.799808,0.06977696,0.093239225,0.004926002,0.5764541,-2.0366945,0.392525,0.61122316,-0.30399927,-0.65955245,-0.96679914,0.99617463,-0.63823915,0.3446951,0.98385733,0.19468361,-1.4692588,0.5028568,1.698602,-0.25740904,0.57597876,-0.69081736,-0.0046819923,-1.9251796,0.8458959,-1.4078611,1.5038663,-0.19783932,-1.1408294,1.1113108,-0.32569498,-1.0398744,-0.6710488,-0.39638752,0.69621867,-1.2191067,0.5674764,-0.12533362,1.0384463,-1.2689903,0.17738591,1.0541934,-0.8126648,0.544238,-1.1733587,0.33758658,-2.6865747,-1.1158509
-1.1300019,0.16481215,-1.127462,-0.2948471,0.89207053,-0.102413274,1.1313937,1.0850672,1.7213358,-0.88213617,1.3666302,0.27619478,-0.4254872,0.31788045,0.32415634,1.2972862,0.44722405,-1.0482252,0.6992005,1.167764,-1.2093632,-0.73055017,0.24766386,0.0013418396,1.2487739,-1.512331,0.35502663,-0.67018837,-0.1695438,-0.34425968,-0.05023908,0.74787134,-1.4179513,0.047738448,-0.10984395,0.15697643,0.5194538,-0.60393685,-0.68677104,0.3211774,0.26551592,-0.8183268,-1.044689,1.1682005,0.4976904,0.72699594,0.25670928,0.5222501,0.10933573,-0.64042944,-0.7341682,-1.3062559,0.45783943,-1.3370948,-0.25083557,-0.24288641,-0.7238101,0.61094314,-0.80512035,-0.009343771,-0.1754505,-1.0372881,1.4058945,-1.504648,-0.63678914,3.4966679,-0.1963561,-0.29277667,-0.42647535,0.08052505,0.2842706,0.99123114,0.18214886,0.23590185,-0.018856438,0.509034,0.26170906,0.055030216,-0.8479644,0.8635617,0.49404603,-0.6943877,-0.1895602,-0.34659618,-2.14222,-0.72873956,-0.62204105,1.3744378,0.8990215,-0.8835839,-0.6504531,0.6977297,-0.98882675,1.4550275,-0.26697478,-0.24983288,0.6173,1.0188726,-1.015365,-0.2876469,0.72769856,0.08525149,-0.25523445,-0.1943975,-0.7212035,-1.0522022,0.50284064,1.2026622,-0.5510249,-0.33649072,-0.082043275,-0.5328194,0.60413265,0.7026195,-0.2822146,0.12777743,1.4432839,-2.5745816,0.60631377,-0.3935287,-0.12991177,-0.18068613,0.91627836,0.47383142,-0.68771964,-0.96929294,-0.38659018,-0.79261905
-0.33311555,-1.0076463,-0.5162966,0.04744654,0.40692705,-0.6337006,0.30717754,0.69049156,0.9204095,0.060379274,-0.277394,1.8185881,0.045968253,-0.28500703,0.35283566,-0.10771881,-1.6061181,0.10032277,0.74384326,-1.8671553,-0.46467438,-1.4401672,-0.9760499,1.8259199,0.79211295,-1.2995638,-0.8991859,-0.66210026,0.79467404,0.15448052,-0.61607295,0.31251618,-1.0787766,-0.7284661,-0.83378786,-0.12805834,-0.6867633,0.7715109,0.5390473,1.3368881,0.58009577,0.7933956,-0.54210126,-0.8112817,0.533456,-0.23458233,0.585167,-0.85812974,-1.0381447,-0.57906663,-0.009198629,0.78786564,-1.8585712,-1.827492,0.6785459,-0.5837025,0.72414434,1.0179932,0.23904607,-0.24857399,-0.6731167,0.19822326,-0.72054815,0.78671587,-1.4713836,-1.1490262,0.826627,1.6307386,0.6494906,0.82064354,0.77682704,-1.4877368,0.55564725,-0.16233358,0.5833755,-0.33782318,-1.3495426,-1.6859678,0.05210665,-0.6690792,0.5174357,-0.7556629,0.107425645,0.20079236,0.07073238,0.08793352,-0.039255742,0.5214477,0.35699102,0.38789567,-0.890456,0.90997285,1.6385835,0.77229685,1.779658,-0.3584836,0.12570474,-1.1541777,-1.2117782,2.6092608,-0.10040969,1.056008,1.526988,0.10519315,-0.13366319,1.5996783,-0.1862318,-0.27401868,-0.582457,1.1906035,-0.92104495,0.5416335,0.085293256,-0.3005258,-0.30225778,-0.00558972,-0.037995543,1.0117384,0.67547,1.060752,0.7878108,1.5271493,1.4720069,-1.0072056,-1.1952971,-0.3415394,0.7509293,-0.6726568
-1.319277,0.11868385,0.06329264,0.2837434,-0.17345813,0.7960087,0.34760085,-1.3950851,-1.382941,0.54627115,-0.87999135,-0.4661313,3.3576694,-0.5330763,-0.15397105,0.84415674,-0.2415708,-0.6893514,0.5811674,-0.21635267,-0.21119608,-0.93980575,-0.9924989,-0.24939921,-0.059591282,0.0066629136,0.8753587,-0.7308024,-0.2597303,1.1169658,-0.30129772,0.18656856,1.6541793,0.937591,-0.9542952,0.7237692,0.5311487,-0.67203873,0.115373045,0.4649723,-1.0222787,-0.6136535,-0.3116238,-1.2188692,-0.22021438,-1.9875032,-0.036986433,-1.0791962,1.026103,0.46966532,-1.8077259,0.17525013,-0.6569807,-0.6776147,0.27508965,-0.7909267,-0.21358448,-2.206843,1.3567183,0.24494807,-1.1728604,-0.7177083,-0.30509087,0.9441109,-1.5385971,-0.8895922,0.5820986,0.14400905,-0.6856898,-0.64155495,-0.1516844,-0.64347416,-0.14278682,-0.24863744,-1.3031406,-0.369946,0.23012528,1.172013,-1.97525,-0.7174697,0.3380185,-1.6263735,-0.30716425,0.23510589,0.78725827,1.2722988,0.54915506,2.378448,1.4881965,1.8166089,0.59451824,0.7719607,0.4103062,-0.6471766,0.18927594,-0.68086666,0.5318571,-0.15238781,2.0844183,0.10156196,-0.11544244,1.4256369,-0.5863175,1.7138577,1.1634381,0.011327571,1.3119042,0.34424943,-0.20091091,-0.3789218,-0.043455314,0.32904235,0.34592518,-1.3435389,1.6933734,-0.2727719,0.26924935,1.6708843,0.42857948,-1.2364074,0.010242412,1.780964,0.06732611,0.30678973,-0.9461009,-0.8725245,1.5530902,-0.8774426
-1.2516344,1.8937601,-0.48232126,-1.0183786,-0.69382274,-0.029357169,0.15806252,0.04526182,-0.2761784,-0.5141562,0.69243234,0.060367342,0.18780199,-2.5124671,0.05862812,-0.7246305,-0.27253255,0.29473442,-0.9143759,-0.39572048,0.047741197,0.16489771,0.3481557,1.8419672,0.24780752,0.32837078,-0.033523317,-1.1872448,-0.06167766,1.4743086,-0.20229366,0.093120396,-0.82677597,0.945281,-0.01892936,0.04701894,0.8674818,0.046216745,-1.0174031,0.5950819,0.24899708,1.0507239,0.32205918,-1.5780314,0.52633786,1.5271271,1.1776712,0.6920743,1.6992114,-0.30871087,-0.37785807,-0.59935665,0.4060204,-0.41268796,-1.4857653,0.23561008,1.6984296,0.66133755,0.881002,1.1960545,1.5041397,-1.7790145,0.7065112,-0.05688322,-0.82561934,-1.3082507,0.5281113,0.09736228,0.16181569,-0.21404684,-1.7446063,-0.4951429,-1.8058705,-0.07772281,-1.927518,-0.095267184,0.12350667,-1.0776097,2.1600845,-0.91593975,1.6269356,1.060219,-0.73381984,-0.3026698,0.89980465,-1.3128127,-0.14967124,1.5136391,-0.647512,0.1958141,-0.19354764,0.343185,-0.5384711,-2.0698473,-0.48361436,-0.11958008,0.5150292,-0.95012784,0.007958788,1.7556442,0.38197067,0.9414329,-1.3834112,1.2401226,-1.1058452,0.07936868,-0.9505135,0.92605865,0.62209177,-0.31761438,0.4002435,0.69311076,-2.0601497,-0.45814407,1.2412716,-0.54005235,-0.920602,0.68090516,0.4332463,-0.2439281,-1.9340599,1.4360458,1.0068955,1.7757858,0.5015431,0.5611756,2.0226252,-1.2849847
-1.1770473,0.1925146,0.014786688,-0.49206865,-0.24825828,-0.58988273,0.023918133,0.6723278,0.24477795,0.3927935,-0.30812177,-1.1003726,-1.210302,-0.43681514,0.04618328,-0.8175183,0.6641852,0.15176466,0.69188863,0.86363107,2.6559129,-1.8738796,0.67583704,-0.12800159,-0.865284,-0.40854192,-0.019217465,0.7001747,1.8854421,-0.94232595,-0.008102749,-1.0722421,0.520055,-0.56635123,0.5162724,-0.40690872,-0.06795529,0.49422422,0.5195247,-0.5666763,-1.0280792,-0.10600246,0.06675526,-0.32861412,-0.7960131,-0.3542226,-0.42758527,-0.9154578,1.1597817,0.115423486,-1.335234,-1.1524353,0.7256135,-1.182868,-0.7344454,1.7942028,0.9098556,-0.5900671,-0.68325055,0.25865975,-0.24856742,1.4402288,0.19111869,0.20069878,0.4457776,0.064137004,-1.8566803,1.0539513,-0.9241938,0.2595444,1.4321958,-0.24514663,-0.033252448,-0.33456686,-0.39835772,0.9578087,1.6363679,-0.66890234,0.23740971,-0.5401597,-0.95658165,-1.6578256,-0.18023418,0.75939894,0.0123774195,0.65735155,1.114497,-1.1504947,-0.059717868,0.37971547,-0.5109923,1.950497,-0.21183355,-0.6997587,-0.68601644,0.2837855,0.960765,-0.0720685,1.7105387,-0.19952203,1.3323367,-0.305312,-1.3152342,0.23421659,0.4480186,0.006157199,-0.7877377,-0.8719548,-0.50007665,0.024729636,1.1906046,0.31819475,-0.08296195,-0.31212953,0.028602978,-0.9763124,0.9399249,-0.21912241,-0.9777951,1.3521963,0.0009295847,1.0354142,0.60658187,-0.8357186,-0.58471453,0.7052335,-0.9404894,0.16828102
0.02997601,-0.82415664,0.69125164,1.5432653,1.0168604,-1.2498635,0.17171042,-0.3692877,-0.90911275,0.997638,1.0698625,0.2752932,0.30750787,0.3546276,-0.24218202,0.9068311,-0.5478391,2.1429942,-1.5280739,-0.08229997,0.86197066,0.07369481,1.5759866,-2.1358242,0.31065345,0.3154193,1.9536208,-0.3228079,-0.61072445,-1.3636926,0.4373059,-0.2429291,0.04156374,0.45461676,-1.0325279,-0.3609,0.88093543,-0.07479153,-0.52593774,0.16580646,0.034007,0.4453546,1.0369672,0.7744918,1.2917286,0.0995394,-0.88580596,-1.6525719,0.35580325,-0.06895397,-1.2062801,0.14810626,-1.1856525,0.025017558,-1.1921145,0.3195651,-1.6465951,-1.5596511,0.79273033,-0.40715322,0.8620249,-0.17647183,-0.32077768,-0.0051889336,0.20452549,-1.1840907,0.74196666,1.6866233,-0.6409824,-0.4427231,0.049252763,-0.76933557,-0.3031533,-1.1340258,0.44825554,0.24236792,-0.43075413,0.60417706,-1.0969228,0.9705226,-1.6230992,-0.15114489,-0.019036524,0.31850237,-0.96126986,-0.04372082,-0.046887204,-0.59992576,0.9127421,1.0145751,0.10433424,-0.38478333,3.2800756,2.8191385,-0.4154524,-0.08320464,-0.6019884,0.20775215,-0.5506958,0.7231807,-0.21791717,-0.22060472,0.103277124,0.90665686,0.16461815,0.11826897,-1.1442319,0.8049798,-0.7516538,-0.21686672,0.057802744,-1.2995558,-1.0513664,0.9768036,-1.2427897,-0.16271627,-1.0684898,0.1256734,-0.38001817,0.1973137,0.7241248,-0.2170347,-0.20426182,-0.5887201,-0.46985883,3.078076,-0.53111696,0.76282525
0.7394297,-0.22703454,-0.21975425,-0.31684035,0.6581358,0.09716347,0.10057409,0.09898399,0.34388486,0.8915593,0.563345,-1.1060535,-0.6107546,-0.7318915,-1.7996098,2.2542145,0.36733446,0.6685367,0.26058245,-1.2848254,0.0031490612,0.11721101,-0.109036915,-1.1226612,0.24116303,0.4747011,-1.2414412,-1.2099178,0.7324886,0.13597001,-0.7819145,0.5764393,0.0015017006,-0.61308223,-0.4507297,1.1591067,0.8633853,-0.10130391,0.042785253,0.17991692,-0.29670495,0.31160706,0.5427328,0.44155374,-1.500194,0.22613536,-1.5904431,0.45090225,-0.27036738,0.9504719,0.26492006,-1.0312418,-0.81039655,0.5608014,0.30187315,0.5540154,-0.97204167,-1.4245003,-0.7629236,0.621224,-0.4638923,-0.35273427,-0.38813016,0.19178025,-0.21269904,-0.30563754,-0.6639771,-0.48644042,-0.21878356,0.93666947,-1.9635028,0.23955718,0.79590434,-0.74007154,1.1395329,0.85783833,-0.50006795,0.79723006,-0.49558076,1.4251466,0.8340257,-0.46109304,0.31946996,-2.2627828,-0.9608334,-1.2881572,-0.87838477,-0.96052736,0.4523626,0.77381843,1.8097483,-0.7389481,0.64255124,0.50534785,0.6493019,-0.6663569,0.32690185,0.9844938,1.6342715,0.058209594,0.83738184,-0.28634754,-0.85739166,-0.23285508,1.3283086,-0.7741169,0.00553466,0.16318068,-0.6942776,-1.2073886,1.0641756,0.8938911,-0.3031601,-0.9318351,0.33461377,1.6895171,0.32960322,1.0035353,-0.48595658,0.6260904,-1.0991434,-0.887141,-0.17916586,0.16114998,-0.9947728,0.06593816,-0.16550875,-0.1909768
-0.44503075,-0.34370837,-0.39931002,-0.4802775,0.289324,-0.6138383,-0.290966,-0.699479,0.02813329,0.5234951,1.4774258,0.38601992,0.51847464,2.0077095,0.79897225,-1.5507951,-0.9116227,-0.026335482,0.27685976,-1.0399162,-0.38141683,-0.28804976,0.21746112,-0.58703375,-1.9917333,-0.8403324,1.2660468,0.16260888,0.5368183,-0.14612727,-0.3075802,0.62742877,-0.7762913,0.2289792,0.24664165,1.977701,0.26438847,0.07674118,-0.12967418,0.91156393,0.59117794,1.1155493,0.016413396,-0.35162094,1.2719096,0.6302209,0.04666727,1.4580214,0.20554757,-1.3246714,-0.548981,0.3639692,-1.7140104,-2.2813373,0.13565311,-1.0106132,-0.5685979,1.0650282,0.55570936,1.3795526,-1.2439653,-0.5855062,0.6871638,0.99450195,0.53985244,0.4747373,-0.77798223,0.055361293,0.17470941,1.0556126,0.5016165,0.08848158,1.2503638,-0.038637333,0.69005483,-0.21804154,-0.14804007,0.6763253,-0.6967457,-0.71792895,-0.0733231,-0.28914422,0.029099558,-0.14697479,0.41787907,0.8207424,-1.114288,-0.7536087,-0.28062746,-0.12417656,-1.8918047,-1.011648,-1.7491456,0.32659385,-1.2080746,-0.9917973,0.03794931,0.46728706,-0.026552986,-1.1890925,-0.6480736,0.045496773,0.6195136,-0.11037447,-0.105872124,-1.0735693,-0.3894273,-1.023183,0.84528226,0.32921317,0.6472393,1.4012352,-0.6896017,-0.40241057,0.11758092,1.6102113,0.6280962,0.034070276,0.077625245,0.8831839,0.036082096,-1.0414332,1.4469694,0.03650029,0.44069007,-1.2101451,0.03710703,0.04956609
0.82352227,0.01023343,0.23712048,-1.458252,0.006496748,0.25460932,-0.5962379,-0.153226,1.5588442,0.52547485,-0.7891347,0.09535928,-1.1065775,-0.11486035,0.21845083,1.6578661,0.8514723,-0.18539612,-0.22236313,-0.14085327,0.31596094,-0.625352,-0.43199712,-0.40884113,1.01845,0.3091449,0.5821573,-0.6142758,-0.4979434,-1.1512386,0.25050518,0.08626576,0.8090732,0.25349742,-0.22039126,0.3117791,0.93612146,0.96648896,0.46002984,-1.4872978,0.10725418,1.053167,-0.5463182,-1.0779898,-0.58889943,-0.19456,0.13593946,0.019929448,0.3633134,-0.7164975,0.05293427,0.4025207,-0.6357079,-0.5781106,0.9190506,-0.51062363,0.51603776,-0.23637013,-0.82272464,0.8799728,-0.7558954,1.1107181,0.030757952,0.39732826,0.090082556,-0.045098536,0.6150607,-1.4943323,-0.32175452,-0.42630982,0.1593127,0.14462161,-0.0523904,0.42686784,0.8198669,-0.13943173,0.9311891,0.008064072,0.1232445,-0.72494733,0.5001168,0.6046634,-0.011808526,-0.07352373,-0.45005172,-0.3302708,0.84981525,-0.316257,0.4017767,-0.5087525,0.9736807,-0.18035656,0.057890844,-2.300991,-0.05575949,-1.0324892,-0.10768699,0.8048502,-0.2801189,0.32085884,0.05660167,-0.20030029,-0.33533886,-1.2342356,-0.10139415,-0.2948247,0.0053620734,0.4682262,0.12678617,0.54942375,0.63179314,0.09455874,0.39573082,-0.18166044,0.9620727,0.06901769,1.3026386,-0.5625562,-0.8528944,-0.3452195,-0.09891218,-0.4385411,0.50585604,0.6438745,0.41404024,-1.1152772,-0.9480781,-0.6051861
0.38248512,-0.6326962,0.64869756,-0.55098635,0.29062393,-0.86979413,0.7732226,0.62646526,0.79161644,-0.44796917,1.2781416,-1.0422254,-0.40297082,0.25291076,0.06261717,-0.6696742,-0.3870716,-1.6416253,0.68367225,0.7694052,0.92560595,-0.0039302525,-0.22534536,0.25078142,0.27446753,0.1013142,-0.10436288,0.055112284,0.47545284,0.6951764,0.22451913,0.52082944,0.0015623532,0.9024191,-0.5212724,-0.027259981,0.42433888,0.5156822,-0.7292995,-1.0728087,-0.070215926,1.2822402,-0.15720242,-1.4108311,-0.5172867,0.47548303,0.74769205,-0.18511486,-0.12787016,0.5570855,0.19835733,-0.006582322,1.02212,0.40324113,-0.33682373,0.14198479,-0.42346478,0.8590966,-0.50469923,0.13524017,-0.27801016,-0.9300453,-0.49660426,1.0005573,-0.37262958,-1.0857315,0.54421586,1.0163167,-0.20911805,-0.0667785,-0.12286728,0.59168476,0.04067158,0.008384679,-0.68592495,-0.6121429,0.5424132,-0.41197225,-0.5743243,-0.7369279,0.46016213,-0.2893683,0.067253076,-0.90737253,-0.017927263,-0.0077819224,0.5827787,-0.09221704,0.7337677,0.3743227,0.4084039,-0.76699984,0.08733626,-0.7667562,-1.8894888,0.56886554,-0.40091974,0.50733656,0.6071926,0.6845021,-0.28011924,-0.45452237,0.6959832,0.051396016,0.04545568,0.21615855,-0.018808957,0.35343674,-0.4774195,0.8743346,-1.1945308,-1.135827,0.3639816,0.9622787,-1.0465294,-1.0199739,-0.39111128,-0.2713238,-0.07912874,-0.49101067,0.72930396,0.38596842,0.08763213,-0.021424208,-0.086268425,0.51849157,-0.89576507,-0.061789986
